{"stats":{"minecraft:picked_up":{"croptopia:cauliflower_seed":1,"farmersdelight:rice":1,"croptopia:blackberry_seed":2,"croptopia:blackberry":1,"croptopia:cauliflower":2},"minecraft:mined":{"croptopia:cauliflower_crop":1,"croptopia:blackberry_crop":1,"farmersdelight:wild_rice":1},"minecraft:custom":{"minecraft:jump":48,"minecraft:time_since_rest":17936,"minecraft:crouch_one_cm":5,"minecraft:sprint_one_cm":7975,"minecraft:play_time":17936,"minecraft:walk_on_water_one_cm":1898,"minecraft:time_since_death":17936,"minecraft:walk_one_cm":2599,"minecraft:sneak_time":48,"minecraft:total_world_time":17936,"minecraft:walk_under_water_one_cm":54,"minecraft:swim_one_cm":331,"minecraft:fall_one_cm":536,"minecraft:fly_one_cm":10259}},"DataVersion":3465}