{"stats":{"minecraft:crafted":{"minecraft:crafting_table":6,"minecraft:stick":4,"biomesoplenty:redwood_planks":36,"minecraft:wooden_pickaxe":1,"minecraft:wooden_axe":1},"minecraft:used":{"croptopia:cauliflower":2,"minecraft:crafting_table":1,"biomesoplenty:redwood_planks":4},"minecraft:custom":{"minecraft:time_since_rest":78802,"minecraft:crouch_one_cm":5,"minecraft:play_time":78802,"minecraft:sprint_one_cm":39132,"minecraft:damage_taken":65,"minecraft:walk_one_cm":16206,"minecraft:sneak_time":48,"minecraft:walk_under_water_one_cm":54,"minecraft:jump":224,"minecraft:damage_dealt":93,"minecraft:leave_game":1,"minecraft:time_since_death":78802,"minecraft:walk_on_water_one_cm":9372,"minecraft:total_world_time":78802,"minecraft:swim_one_cm":331,"minecraft:interact_with_crafting_table":8,"minecraft:fall_one_cm":4760,"minecraft:fly_one_cm":44979},"minecraft:picked_up":{"biomesoplenty:redwood_planks":2,"croptopia:cauliflower_seed":1,"farmersdelight:rice":1,"croptopia:blackberry_seed":2,"croptopia:blackberry":1,"biomesoplenty:redwood_wood":9,"croptopia:cauliflower":2},"minecraft:mined":{"minecraft:grass":2,"biomesoplenty:clover":1,"biomesoplenty:redwood_planks":2,"croptopia:cauliflower_crop":1,"croptopia:blackberry_crop":1,"farmersdelight:wild_rice":1,"biomesoplenty:huge_clover_petal":5,"biomesoplenty:redwood_wood":9}},"DataVersion":3465}