{"stats":{"minecraft:killed_by":{"minecraft:zombie":1},"minecraft:crafted":{"minecraft:crafting_table":7,"minecraft:stick":16,"biomesoplenty:redwood_planks":80,"minecraft:wooden_pickaxe":1,"minecraft:wooden_axe":2},"minecraft:used":{"minecraft:wooden_axe":39,"biomesoplenty:redwood_planks":4,"minecraft:wooden_pickaxe":3,"minecraft:stone_axe":8,"croptopia:cauliflower":2,"minecraft:crafting_table":2,"croptopia:strawberry":1,"biomesoplenty:redwood_log":3},"minecraft:custom":{"minecraft:time_since_rest":3271,"minecraft:sprint_one_cm":90967,"minecraft:damage_taken":480,"minecraft:walk_one_cm":44257,"minecraft:mob_kills":5,"minecraft:damage_dealt":853,"minecraft:swim_one_cm":3964,"minecraft:interact_with_crafting_table":11,"minecraft:fly_one_cm":81960,"minecraft:crouch_one_cm":1173,"minecraft:play_time":92088,"minecraft:deaths":2,"minecraft:sneak_time":757,"minecraft:walk_under_water_one_cm":2984,"minecraft:jump":411,"minecraft:leave_game":3,"minecraft:time_since_death":3247,"minecraft:walk_on_water_one_cm":12211,"minecraft:total_world_time":92088,"minecraft:fall_one_cm":11334},"minecraft:picked_up":{"biomesoplenty:redwood_log":4,"minecraft:stick":6,"croptopia:cauliflower_seed":1,"farmersdelight:rice":1,"croptopia:grape_seed":1,"croptopia:blackberry_seed":2,"croptopia:blackberry":1,"croptopia:tea_leaves":1,"minecraft:porkchop":5,"minecraft:oak_log":11,"croptopia:tea_seed":1,"croptopia:strawberry":1,"biomesoplenty:flowering_oak_sapling":2,"croptopia:grape":1,"biomesoplenty:redwood_planks":2,"croptopia:strawberry_seed":1,"minecraft:stone_axe":1,"minecraft:stone_pickaxe":1,"biomesoplenty:redwood_wood":35,"minecraft:oak_sapling":2,"minecraft:sugar_cane":6,"minecraft:cobblestone":3,"croptopia:cauliflower":2},"minecraft:killed":{"minecraft:zombie":2,"minecraft:pig":2,"minecraft:spider":1},"minecraft:mined":{"biomesoplenty:redwood_planks":2,"croptopia:cauliflower_crop":1,"farmersdelight:wild_rice":1,"croptopia:tea_crop":1,"croptopia:grape_crop":1,"croptopia:strawberry_crop":1,"minecraft:grass":5,"biomesoplenty:clover":10,"minecraft:oak_log":11,"biomesoplenty:redwood_log":4,"croptopia:blackberry_crop":1,"biomesoplenty:huge_clover_petal":20,"minecraft:stone":3,"minecraft:sugar_cane":2,"biomesoplenty:redwood_wood":35,"minecraft:fern":1}},"DataVersion":3465}