{"stats":{"minecraft:crafted":{"minecraft:crafting_table":7,"minecraft:stick":16,"biomesoplenty:redwood_planks":80,"minecraft:wooden_pickaxe":1,"minecraft:wooden_axe":2},"minecraft:used":{"minecraft:wooden_axe":39,"biomesoplenty:redwood_planks":4,"minecraft:wooden_pickaxe":3,"croptopia:cauliflower":2,"minecraft:crafting_table":2,"croptopia:strawberry":1,"biomesoplenty:redwood_log":3},"minecraft:custom":{"minecraft:time_since_rest":8386,"minecraft:sprint_one_cm":70268,"minecraft:damage_taken":285,"minecraft:walk_one_cm":38289,"minecraft:mob_kills":3,"minecraft:damage_dealt":493,"minecraft:interact_with_crafting_table":11,"minecraft:swim_one_cm":2589,"minecraft:fly_one_cm":74391,"minecraft:crouch_one_cm":1173,"minecraft:play_time":88336,"minecraft:deaths":1,"minecraft:sneak_time":750,"minecraft:walk_under_water_one_cm":2694,"minecraft:jump":372,"minecraft:leave_game":2,"minecraft:walk_on_water_one_cm":11149,"minecraft:time_since_death":8362,"minecraft:total_world_time":88336,"minecraft:fall_one_cm":11334},"minecraft:picked_up":{"biomesoplenty:redwood_log":4,"minecraft:stick":6,"croptopia:cauliflower_seed":1,"farmersdelight:rice":1,"croptopia:blackberry_seed":2,"croptopia:blackberry":1,"minecraft:porkchop":5,"minecraft:oak_log":11,"croptopia:strawberry":1,"biomesoplenty:flowering_oak_sapling":2,"biomesoplenty:redwood_planks":2,"croptopia:strawberry_seed":1,"minecraft:oak_sapling":2,"biomesoplenty:redwood_wood":35,"minecraft:sugar_cane":6,"minecraft:cobblestone":3,"croptopia:cauliflower":2},"minecraft:killed":{"minecraft:zombie":1,"minecraft:pig":2},"minecraft:mined":{"biomesoplenty:redwood_planks":2,"croptopia:cauliflower_crop":1,"farmersdelight:wild_rice":1,"croptopia:strawberry_crop":1,"minecraft:grass":4,"biomesoplenty:clover":10,"minecraft:oak_log":11,"biomesoplenty:redwood_log":4,"croptopia:blackberry_crop":1,"biomesoplenty:huge_clover_petal":20,"minecraft:stone":3,"minecraft:sugar_cane":2,"biomesoplenty:redwood_wood":35}},"DataVersion":3465}