{"stats":{"minecraft:picked_up":{"croptopia:cauliflower_seed":1,"farmersdelight:rice":1,"croptopia:blackberry_seed":2,"croptopia:blackberry":1,"croptopia:cauliflower":2},"minecraft:mined":{"croptopia:cauliflower_crop":1,"croptopia:blackberry_crop":1,"farmersdelight:wild_rice":1},"minecraft:custom":{"minecraft:jump":37,"minecraft:time_since_rest":5936,"minecraft:sprint_one_cm":6807,"minecraft:play_time":5936,"minecraft:walk_on_water_one_cm":739,"minecraft:time_since_death":5936,"minecraft:walk_one_cm":2470,"minecraft:total_world_time":5936,"minecraft:fall_one_cm":536,"minecraft:fly_one_cm":8889}},"DataVersion":3465}