{"stats":{"minecraft:used":{"croptopia:cauliflower":1,"minecraft:crafting_table":1,"biomesoplenty:redwood_planks":4},"minecraft:picked_up":{"croptopia:cauliflower_seed":1,"farmersdelight:rice":1,"croptopia:blackberry_seed":2,"croptopia:blackberry":1,"biomesoplenty:redwood_wood":8,"croptopia:cauliflower":2},"minecraft:crafted":{"minecraft:crafting_table":6,"biomesoplenty:redwood_planks":32},"minecraft:mined":{"croptopia:cauliflower_crop":1,"croptopia:blackberry_crop":1,"farmersdelight:wild_rice":1,"biomesoplenty:redwood_wood":8},"minecraft:custom":{"minecraft:time_since_rest":41936,"minecraft:crouch_one_cm":5,"minecraft:play_time":41936,"minecraft:sprint_one_cm":16509,"minecraft:damage_taken":45,"minecraft:walk_one_cm":4213,"minecraft:sneak_time":48,"minecraft:walk_under_water_one_cm":54,"minecraft:jump":93,"minecraft:damage_dealt":93,"minecraft:time_since_death":41936,"minecraft:walk_on_water_one_cm":7323,"minecraft:total_world_time":41936,"minecraft:swim_one_cm":331,"minecraft:interact_with_crafting_table":2,"minecraft:fall_one_cm":1372,"minecraft:fly_one_cm":19830}},"DataVersion":3465}