{"stats":{"minecraft:killed_by":{"minecraft:creeper":1,"minecraft:zombie":1},"minecraft:crafted":{"minecraft:crafting_table":7,"minecraft:stick":16,"biomesoplenty:redwood_planks":80,"minecraft:wooden_pickaxe":1,"minecraft:wooden_axe":2},"minecraft:used":{"croptopia:grape":1,"minecraft:wooden_axe":39,"minecraft:iron_pickaxe":4,"minecraft:iron_axe":1,"biomesoplenty:redwood_planks":4,"minecraft:wooden_pickaxe":3,"minecraft:stone_axe":20,"croptopia:cauliflower":2,"minecraft:dirt":2,"minecraft:cobblestone":2,"minecraft:crafting_table":2,"croptopia:strawberry":1,"biomesoplenty:redwood_log":3},"minecraft:custom":{"minecraft:time_since_rest":3664,"minecraft:sprint_one_cm":116333,"minecraft:damage_taken":885,"minecraft:walk_one_cm":48500,"minecraft:mob_kills":8,"minecraft:damage_dealt":1453,"minecraft:swim_one_cm":11793,"minecraft:interact_with_crafting_table":11,"minecraft:fly_one_cm":129626,"minecraft:crouch_one_cm":1280,"minecraft:play_time":98967,"minecraft:deaths":3,"minecraft:sneak_time":1032,"minecraft:walk_under_water_one_cm":3338,"minecraft:jump":618,"minecraft:leave_game":4,"minecraft:time_since_death":3631,"minecraft:walk_on_water_one_cm":14718,"minecraft:total_world_time":98967,"minecraft:fall_one_cm":17765},"minecraft:picked_up":{"biomesoplenty:redwood_log":4,"minecraft:stick":6,"croptopia:cauliflower_seed":1,"farmersdelight:rice":1,"croptopia:grape_seed":1,"croptopia:blackberry_seed":2,"croptopia:blackberry":1,"croptopia:tea_leaves":1,"minecraft:porkchop":5,"minecraft:oak_log":11,"croptopia:tea_seed":1,"minecraft:shield":1,"croptopia:strawberry":1,"minecraft:dirt":2,"biomesoplenty:flowering_oak_sapling":2,"minecraft:iron_axe":1,"croptopia:grape":1,"biomesoplenty:redwood_planks":2,"minecraft:rotten_flesh":2,"croptopia:strawberry_seed":1,"minecraft:stone_axe":1,"minecraft:stone_pickaxe":1,"minecraft:iron_pickaxe":1,"biomesoplenty:redwood_wood":36,"minecraft:oak_sapling":2,"minecraft:sugar_cane":7,"minecraft:cobblestone":7,"croptopia:cauliflower":2},"minecraft:killed":{"minecraft:zombie":5,"minecraft:pig":2,"minecraft:spider":1},"minecraft:mined":{"minecraft:podzol":1,"biomesoplenty:redwood_planks":2,"croptopia:cauliflower_crop":1,"farmersdelight:wild_rice":1,"croptopia:tea_crop":1,"croptopia:grape_crop":1,"croptopia:strawberry_crop":1,"minecraft:grass":5,"biomesoplenty:clover":10,"minecraft:oak_log":11,"biomesoplenty:redwood_log":4,"croptopia:blackberry_crop":1,"minecraft:dirt":2,"minecraft:cobblestone":2,"biomesoplenty:huge_clover_petal":20,"minecraft:stone":5,"minecraft:sugar_cane":3,"biomesoplenty:redwood_wood":36,"minecraft:fern":1}},"DataVersion":3465}