{"stats":{"minecraft:killed_by":{"minecraft:zombie":1},"minecraft:crafted":{"minecraft:cooked_cod":3,"biomesoplenty:redwood_planks":68,"minecraft:wooden_pickaxe":1,"minecraft:furnace":1,"minecraft:stone_axe":2,"minecraft:air":0,"minecraft:shield":2,"minecraft:iron_axe":2,"minecraft:stick":28,"minecraft:iron_ingot":16,"minecraft:iron_pickaxe":2,"minecraft:stone_pickaxe":2,"minecraft:wooden_axe":1,"minecraft:torch":4},"minecraft:used":{"croptopia:grape":1,"croptopia:tomato":1,"minecraft:stone_pickaxe":43,"biomesoplenty:redwood_planks":1,"minecraft:shield":13,"minecraft:wooden_pickaxe":10,"minecraft:rotten_flesh":4,"minecraft:torch":4,"minecraft:dirt":9,"minecraft:crafting_table":2,"minecraft:wooden_axe":4,"minecraft:iron_axe":20,"minecraft:iron_pickaxe":1,"minecraft:dark_oak_slab":1,"minecraft:stone_axe":31,"minecraft:cobblestone":6,"minecraft:furnace":2},"minecraft:custom":{"minecraft:interact_with_furnace":9,"minecraft:mob_kills":13,"minecraft:interact_with_crafting_table":13,"minecraft:damage_dealt_resisted":84,"minecraft:leave_game":1,"minecraft:time_since_death":1095,"minecraft:time_since_rest":1151,"minecraft:sprint_one_cm":40432,"minecraft:damage_taken":465,"minecraft:walk_one_cm":32392,"minecraft:damage_blocked_by_shield":430,"minecraft:drop":3,"minecraft:damage_dealt":1903,"minecraft:damage_dealt_absorbed":119,"minecraft:swim_one_cm":14329,"minecraft:fly_one_cm":53118,"minecraft:crouch_one_cm":2101,"minecraft:play_time":33003,"minecraft:deaths":1,"minecraft:sneak_time":758,"minecraft:walk_under_water_one_cm":5571,"minecraft:jump":394,"minecraft:walk_on_water_one_cm":7938,"minecraft:total_world_time":33003,"minecraft:fall_one_cm":7708},"minecraft:picked_up":{"biomesoplenty:redwood_log":6,"minecraft:crafting_table":3,"croptopia:grape_seed":1,"minecraft:dirt":9,"minecraft:string":1,"minecraft:wheat_seeds":2,"croptopia:tomato_seed":2,"minecraft:spruce_planks":4,"minecraft:iron_ingot":1,"croptopia:tomato":1,"biomesoplenty:redwood_wood":12,"croptopia:roe":4,"minecraft:egg":1,"minecraft:furnace":1,"minecraft:raw_iron":16,"minecraft:dark_oak_slab":1,"minecraft:spruce_stairs":1,"sophisticatedbackpacks:backpack":1,"minecraft:spider_eye":1,"croptopia:grape":1,"minecraft:rotten_flesh":7,"minecraft:coal":15,"minecraft:cod":3,"alexsmobs:flying_fish":1,"minecraft:cobblestone":26},"minecraft:dropped":{"minecraft:stone_axe":1,"minecraft:wheat_seeds":1,"minecraft:stone_pickaxe":1},"minecraft:killed":{"minecraft:spider":1,"minecraft:cod":3,"minecraft:zombie":8,"alexsmobs:flying_fish":1},"minecraft:mined":{"minecraft:podzol":3,"minecraft:spruce_planks":4,"croptopia:grape_crop":1,"minecraft:crafting_table":3,"minecraft:spruce_fence":1,"minecraft:cobblestone":1,"minecraft:large_fern":4,"minecraft:spruce_stairs":1,"minecraft:dark_oak_slab":1,"minecraft:furnace":1,"minecraft:iron_ore":16,"croptopia:tomato_crop":1,"minecraft:coal_ore":10,"biomesoplenty:redwood_log":6,"minecraft:dirt":6,"minecraft:stone":25,"biomesoplenty:redwood_wood":12,"minecraft:fern":3}},"DataVersion":3465}