{"stats":{"minecraft:dropped":{"minecraft:stone_axe":1,"minecraft:wheat_seeds":1,"minecraft:shield":1,"minecraft:iron_axe":1,"minecraft:stone_pickaxe":1,"minecraft:iron_pickaxe":1},"minecraft:mined":{"minecraft:podzol":4,"minecraft:spruce_planks":4,"croptopia:grape_crop":1,"minecraft:crafting_table":4,"minecraft:grass_block":1,"minecraft:spruce_fence":1,"minecraft:chest":2,"minecraft:cobblestone":1,"biomesoplenty:huge_clover_petal":4,"minecraft:large_fern":4,"minecraft:spruce_stairs":1,"minecraft:dark_oak_slab":1,"minecraft:furnace":1,"minecraft:iron_ore":16,"croptopia:tomato_crop":1,"minecraft:grass":4,"minecraft:coal_ore":10,"biomesoplenty:redwood_log":6,"minecraft:dirt":10,"minecraft:stone":25,"biomesoplenty:redwood_wood":12,"minecraft:fern":5},"minecraft:picked_up":{"biomesoplenty:redwood_log":6,"minecraft:crafting_table":4,"croptopia:grape_seed":1,"minecraft:dirt":16,"minecraft:string":1,"minecraft:wheat_seeds":2,"croptopia:tomato_seed":2,"minecraft:spruce_planks":4,"minecraft:iron_ingot":1,"croptopia:tomato":1,"biomesoplenty:redwood_wood":12,"croptopia:roe":4,"minecraft:chest":2,"minecraft:egg":1,"minecraft:furnace":1,"minecraft:raw_iron":16,"minecraft:dark_oak_slab":1,"minecraft:spruce_stairs":1,"sophisticatedbackpacks:backpack":1,"minecraft:porkchop":1,"minecraft:spider_eye":1,"croptopia:grape":1,"minecraft:rotten_flesh":7,"minecraft:cod":3,"minecraft:coal":15,"alexsmobs:flying_fish":1,"minecraft:cobblestone":26},"minecraft:killed_by":{"minecraft:zombie":1},"minecraft:used":{"croptopia:grape":1,"croptopia:tomato":1,"minecraft:stone_pickaxe":43,"biomesoplenty:redwood_planks":1,"minecraft:wooden_pickaxe":10,"minecraft:chest":4,"minecraft:shield":13,"minecraft:rotten_flesh":4,"minecraft:torch":4,"minecraft:dirt":15,"minecraft:crafting_table":3,"minecraft:wooden_axe":4,"minecraft:iron_axe":28,"minecraft:iron_pickaxe":1,"minecraft:dark_oak_slab":1,"minecraft:stone_axe":31,"minecraft:cobblestone":6,"minecraft:furnace":2,"minecraft:cooked_cod":3},"minecraft:killed":{"minecraft:pig":1,"minecraft:spider":2,"minecraft:cod":3,"minecraft:zombie":8,"alexsmobs:flying_fish":1},"minecraft:crafted":{"minecraft:cooked_cod":3,"biomesoplenty:redwood_planks":68,"minecraft:wooden_pickaxe":1,"minecraft:furnace":1,"minecraft:stone_axe":2,"minecraft:air":0,"minecraft:shield":2,"minecraft:iron_axe":2,"minecraft:stick":28,"minecraft:iron_ingot":16,"minecraft:iron_pickaxe":2,"minecraft:stone_pickaxe":2,"minecraft:wooden_axe":1,"minecraft:chest":2,"minecraft:torch":4},"minecraft:custom":{"minecraft:interact_with_furnace":9,"minecraft:mob_kills":15,"minecraft:interact_with_crafting_table":14,"minecraft:damage_dealt_resisted":84,"minecraft:leave_game":4,"minecraft:time_since_death":13870,"minecraft:time_since_rest":13926,"minecraft:sprint_one_cm":58846,"minecraft:damage_taken":485,"minecraft:walk_one_cm":40076,"minecraft:damage_blocked_by_shield":430,"minecraft:drop":6,"minecraft:damage_dealt":2163,"minecraft:damage_dealt_absorbed":119,"minecraft:swim_one_cm":18100,"minecraft:fly_one_cm":86173,"minecraft:open_chest":13,"minecraft:crouch_one_cm":2101,"minecraft:play_time":45778,"minecraft:deaths":1,"minecraft:sneak_time":758,"minecraft:walk_under_water_one_cm":5781,"minecraft:jump":595,"minecraft:walk_on_water_one_cm":8243,"minecraft:total_world_time":45778,"minecraft:fall_one_cm":11959}},"DataVersion":3465}