{"stats":{"minecraft:crafted":{"biomesoplenty:redwood_planks":8},"minecraft:custom":{"minecraft:jump":13,"minecraft:time_since_rest":9003,"minecraft:crouch_one_cm":666,"minecraft:walk_on_water_one_cm":196,"minecraft:sprint_one_cm":1225,"minecraft:leave_game":1,"minecraft:play_time":9003,"minecraft:damage_taken":20,"minecraft:time_since_death":9003,"minecraft:walk_one_cm":1161,"minecraft:sneak_time":132,"minecraft:total_world_time":9003,"minecraft:walk_under_water_one_cm":892,"minecraft:swim_one_cm":666,"minecraft:fall_one_cm":902,"minecraft:fly_one_cm":2638},"minecraft:picked_up":{"biomesoplenty:redwood_log":2},"minecraft:mined":{"biomesoplenty:redwood_log":2,"minecraft:fern":1}},"DataVersion":3465}