{"stats":{"minecraft:crafted":{"minecraft:stick":16,"biomesoplenty:redwood_planks":68,"minecraft:wooden_pickaxe":1,"minecraft:stone_pickaxe":2,"minecraft:wooden_axe":1,"minecraft:torch":4,"minecraft:stone_axe":2},"minecraft:used":{"croptopia:grape":1,"minecraft:wooden_axe":4,"croptopia:tomato":1,"minecraft:stone_pickaxe":41,"minecraft:wooden_pickaxe":10,"minecraft:stone_axe":31,"minecraft:torch":4,"minecraft:dirt":9,"minecraft:cobblestone":6,"minecraft:crafting_table":1},"minecraft:custom":{"minecraft:time_since_rest":21003,"minecraft:sprint_one_cm":28136,"minecraft:walk_one_cm":23952,"minecraft:damage_taken":150,"minecraft:mob_kills":6,"minecraft:drop":2,"minecraft:damage_dealt":1012,"minecraft:interact_with_crafting_table":5,"minecraft:swim_one_cm":3670,"minecraft:fly_one_cm":26857,"minecraft:crouch_one_cm":1530,"minecraft:play_time":21003,"minecraft:sneak_time":585,"minecraft:walk_under_water_one_cm":1158,"minecraft:jump":207,"minecraft:walk_on_water_one_cm":4273,"minecraft:leave_game":1,"minecraft:time_since_death":21003,"minecraft:total_world_time":21003,"minecraft:fall_one_cm":4250},"minecraft:picked_up":{"biomesoplenty:redwood_log":6,"minecraft:raw_iron":14,"minecraft:crafting_table":2,"croptopia:grape_seed":1,"minecraft:spider_eye":1,"minecraft:string":1,"minecraft:dirt":9,"croptopia:grape":1,"minecraft:rotten_flesh":3,"minecraft:wheat_seeds":1,"croptopia:tomato_seed":2,"minecraft:iron_ingot":1,"croptopia:tomato":1,"biomesoplenty:redwood_wood":12,"minecraft:coal":9,"alexsmobs:flying_fish":1,"minecraft:cobblestone":24,"minecraft:egg":1},"minecraft:dropped":{"minecraft:stone_axe":1,"minecraft:stone_pickaxe":1},"minecraft:killed":{"minecraft:zombie":4,"minecraft:spider":1,"alexsmobs:flying_fish":1},"minecraft:mined":{"minecraft:podzol":3,"minecraft:iron_ore":16,"croptopia:grape_crop":1,"minecraft:crafting_table":2,"croptopia:tomato_crop":1,"minecraft:coal_ore":10,"biomesoplenty:redwood_log":6,"minecraft:dirt":6,"minecraft:stone":24,"biomesoplenty:redwood_wood":12,"minecraft:fern":2}},"DataVersion":3465}